societe;effectif
STE TUNISIENNE DU SUCRE;500
Smart Tunisian Technoparks;500
HOTEL SHERATON TUNIS;500
CHAKIRA DISTRIBUTION;420
Le Moteur;250
COMMUNE JERBA AJIM;200
STIFEN FRUIT;50
ASS AMITIE GREFFIERS JUSTICE;10
Commune de Gafsa;0
COFAT TUNIS;4000
TUNIS AIR;3700
AMICALE DES CADRES DE LA STEG;13500
D E M C C O I N T E R;4500
O N A S;5500
TUNISIE TELECOM;6400
C T N;5000
S T A M;800
AMICALE PERSONNEL CNAM;2700
COFAT MATEUR;3000
TUNISAIR HANDLING;2035
CHAKIRA CABLE;139
COFICAB TUNIS;700
OFFICE DE COMMERCE DE TUNISIE;1000
Office National des postes;8836
S.N.T RURAL ET INTERURBAIN;576
AMICALE BANQUE DE L'HABITAT;2000
SOMATRAGET;166
LLOYD TUNISIEN;1000
UNION GENEREALE TUNISIENNE DE TRAVAIL;352
S R T BEJA;267
TIS CIRCUITS;650
Amicale du Tribunal Administratif de Tunis;500
BONNA BETON ET MATERIAUX PREFABRIQUES;430
SORETRAK;339
SO.TE.TEL;530
Commune Hammam Chatt;138
AMIC.DU PERS.DE LA CTAMA;386
MUNICIPALIT BOUMHEL BASSATINE;165
COMMUNE HAMMAM-LIF;180
COMMUNE BEN AROUS;387
COFICAB MED;400
TUNICAST;400
AMIC PERS STE REG.TRANSP.GABES;
AGENCE TUNIS AFRIQUE PRESSE;309
AMICALE DE L'OFFICE CEREALE;1100
COMMUNE EZZAHRA;152
Sagemcom Tunisie;644
STE LES CIMENTS ARTIFICIELS TUNISIENS;180
societ regional de transport jendouba;248
ORANGE TUNISIE;1200
BONNA TUNISIE;345
U.C.C.V;500
M A E;503
AMICALE PERSONNEL MFPE;0
SAFAS TUNIS;170
Amicale CNRPS;1400
AG.REHABI ET RENOV URBAIN;0
ASTEELFLASH TUNISIE;400
C E T I M E;250
AMICLE DU PERSONNEL ANETI;0
NOUVELAIRE HANDLING;300
Commune zaghouan;90
STE TUNISIENNE DE LUBRIFIANTS;260
Amicale fonctionnaires du minestere de Commerce;1500
Office National de la Telediffusion ONT;530
CENTRE NATIONAL D'INFORMATIQUE;168
APIP;500
Commune fahs;100
OPAT TOZEUR;190
AMICALE DES AGENTS MINESTERE CULTURE;8039
Amicale du personnel de l'ANAPE;42
ASSURANCE EL ITTIHAD;323
CENTRE NATIONAL DU CUIR ET CHAUSSURE;56
Minester tecnologie communication economique nume;0
regie nationale des alcools;200
GIFRUITS;50
Amicale du Personnel du Labortoire Centre d'Analys;
STE PHLIBERT TUNISIE;65
ste d'Emballage Mettalique et Plastique;56
COFAT MED;500
LLOYD VIE;325
SOTEE;30
Mutuelle poste communication;17500
O N A T;0
